age,sex,on_thyroxine,query_on_thyroxine,on_antithyroid_medication,sick,pregnant,thyroid_surgery,I131_treatment,query_hypothyroid,query_hyperthyroid,lithium,goitre,tumor,hypopituitary,psych,TSH_measured,TSH,T3_measured,T3,TT4_measured,TT4,T4U_measured,T4U,FTI_measured,FTI,TBG_measured,TBG
71,F,f,f,f,f,f,f,f,f,f,f,f,f,f,f,t,0.8,t,2.3,t,133,t,1.1,t,121,f,
34,?,f,f,f,f,f,f,f,f,f,f,f,t,f,f,t,7.8,t,2,t,95,t,0.99,t,96,f,
31,F,f,f,f,f,f,f,f,f,f,f,f,f,f,f,t,1.3,f,,t,161,t,1.33,t,121,f,
58,M,f,f,f,f,f,f,f,f,f,f,f,f,f,f,t,0.25,t,2.4,t,102,t,0.77,t,134,f,
39,F,f,f,f,f,f,f,f,f,f,f,f,f,f,f,t,160,t,0.4,t,11,t,1.24,t,8.9,f,
49,F,f,f,f,f,f,f,f,f,f,f,f,f,f,f,t,0.1,t,0.3,t,32,t,0.53,t,60,f,
