age,sex,on_thyroxine,query_on_thyroxine,on_antithyroid_medication,sick,pregnant,thyroid_surgery,I131_treatment,query_hypothyroid,query_hyperthyroid,lithium,goitre,tumor,hypopituitary,psych,TSH_measured,TSH,T3_measured,T3,TT4_measured,TT4,T4U_measured,T4U,FTI_measured,FTI,TBG_measured,TBG
41,F,f,f,f,f,f,f,f,f,f,f,f,f,f,f,t,1.3,t,2.5,t,125,t,1.14,t,109,f,
23,F,f,f,f,f,f,f,f,f,f,f,f,f,f,f,t,4.1,t,2,t,102,f,,f,,f,
46,M,f,f,f,f,f,f,f,f,f,f,f,f,f,f,t,0.98,f,,t,109,t,0.91,t,120,f,
70,F,t,f,f,f,f,f,f,f,f,f,f,f,f,f,t,0.16,t,1.9,t,175,f,,f,,f,
70,F,f,f,f,f,f,f,f,f,f,f,f,f,f,f,t,0.72,t,1.2,t,61,t,0.87,t,70,f,
18,F,t,f,f,f,f,f,f,f,f,f,f,f,f,f,t,0.03,f,,t,183,t,1.3,t,141,f,
59,F,f,f,f,f,f,f,f,f,f,f,f,f,f,f,f,,f,,t,72,t,0.92,t,78,f,
80,F,f,f,f,f,f,f,f,f,f,f,f,f,f,f,t,2.2,t,0.6,t,80,t,0.7,t,115,f,
66,F,f,f,f,f,f,f,f,f,f,f,f,t,f,f,t,0.6,t,2.2,t,123,t,0.93,t,132,f,
68,M,f,f,f,f,f,f,f,f,f,f,f,f,f,f,t,2.4,t,1.6,t,83,t,0.89,t,93,f,
84,F,f,f,f,f,f,f,f,f,f,f,f,t,f,f,t,1.1,t,2.2,t,115,t,0.95,t,121,f,
67,F,t,f,f,f,f,f,f,f,f,f,f,f,f,f,t,0.03,f,,t,152,t,0.99,t,153,f,
71,F,f,f,f,t,f,f,f,f,t,f,f,f,f,f,t,0.03,t,3.8,t,171,t,1.13,t,151,f,
59,F,f,f,f,f,f,f,f,f,f,f,f,f,f,f,t,2.8,t,1.7,t,97,t,0.91,t,107,f,
